tweet_id,username,timestamp,date,content,url,level
ROOT,root_system,,,Virtual root node,,-1
1932423317601800340,Tweets of Dogs,2025-06-10T13:03:16.000Z,2025-06-10,The selfie of the year,https://x.com/TweeetsOfDogs/status/1932423317601800340,0
1932671787957174648,dogeinternn,2025-06-11T05:30:36.000Z,2025-06-11,It's  @reggieAPBTc  Dog,https://x.com/dogeinternn/status/1932671787957174648,1
1932672354364371051,Emperor8781,2025-06-11T05:32:51.000Z,2025-06-11,Lollz,https://x.com/Emperor8781/status/1932672354364371051,2
1932628492039917638,ladyelisbeth,2025-06-11T02:38:33.000Z,2025-06-11,"flawless, as expected",https://x.com/ladyelisbeth/status/1932628492039917638,1
1932761109938807060,PurcellYet3327,2025-06-11T11:25:32.000Z,2025-06-11,I love everything about this picture,https://x.com/PurcellYet3327/status/1932761109938807060,1
1933151703911580046,paulrawl1,2025-06-12T13:17:37.000Z,2025-06-12,Great smile,https://x.com/paulrawl1/status/1933151703911580046,1
1932991320156467466,1Travel_Gal,2025-06-12T02:40:18.000Z,2025-06-12,Hi Cutie  … great picture  +  = AMAZING,https://x.com/1Travel_Gal/status/1932991320156467466,1
1932801915886182661,teezyme_,2025-06-11T14:07:41.000Z,2025-06-11,Cute,https://x.com/teezyme_/status/1932801915886182661,1
1933081209296585006,yenthikim,2025-06-12T08:37:29.000Z,2025-06-12,Bức ảnh rất dễ thương,https://x.com/yenthikim/status/1933081209296585006,1
1932957699764900179,LockSmith15270,2025-06-12T00:26:42.000Z,2025-06-12,Great picture,https://x.com/LockSmith15270/status/1932957699764900179,1
1932706886299857284,LunarWolfProj,2025-06-11T07:50:04.000Z,2025-06-11,Aaaahhh..,https://x.com/LunarWolfProj/status/1932706886299857284,1
1932845485523402878,walker_jef27863,2025-06-11T17:00:48.000Z,2025-06-11,"Animals' experiences are the same as ours: Birth, Cold, Death, Disabilities, Family, Fear, Friendship, Hot, Hunger, Laughter, Love, Pain, Sickness, Sorrow, and Thirst! See the many Expressions on their Faces! Let's act as if we are Human with a Soul and Just Love them Equally.",https://x.com/walker_jef27863/status/1932845485523402878,1
1932633830923571346,BetteGaeDart,2025-06-11T02:59:46.000Z,2025-06-11,I love this,https://x.com/BetteGaeDart/status/1932633830923571346,1
1932579475927281891,codylabs,2025-06-10T23:23:47.000Z,2025-06-10,Who’s photo bombing who ?,https://x.com/codylabs/status/1932579475927281891,1
1932733748510146946,ImNarayanG,2025-06-11T09:36:48.000Z,2025-06-11,So cute!,https://x.com/ImNarayanG/status/1932733748510146946,1
1932778155888066845,aingozei,2025-06-11T12:33:16.000Z,2025-06-11,@Dr0llass,https://x.com/aingozei/status/1932778155888066845,1
1932760874416287846,OutIasters,2025-06-11T11:24:36.000Z,2025-06-11,km yg blkg  @rouctober,https://x.com/OutIasters/status/1932760874416287846,1
1932784278687134163,wannacumdamaple,2025-06-11T12:57:36.000Z,2025-06-11,@grok  Unakku itha paatha comedy ah irukka ??,https://x.com/wannacumdamaple/status/1932784278687134163,1
1932724115066257613,outtamyhandssss,2025-06-11T08:58:31.000Z,2025-06-11,@whoswinningrn  and me,https://x.com/outtamyhandssss/status/1932724115066257613,1
1932737487635689731,vichadstr,2025-06-11T09:51:40.000Z,2025-06-11,@Kadallita  @itsnotniken  piaraan kelen in one frame,https://x.com/vichadstr/status/1932737487635689731,1
1932748828223934687,mitskimika,2025-06-11T10:36:44.000Z,2025-06-11,@becaramoss,https://x.com/mitskimika/status/1932748828223934687,1
1932525376837648785,Jotta1xz,2025-06-10T19:48:49.000Z,2025-06-10,@Teoriassss  nos,https://x.com/Jotta1xz/status/1932525376837648785,1
1932740259718312088,anaigaesic,2025-06-11T10:02:41.000Z,2025-06-11,@yuiltide,https://x.com/anaigaesic/status/1932740259718312088,1
1932763664345673917,veusmvoyez,2025-06-11T11:35:41.000Z,2025-06-11,cute,https://x.com/veusmvoyez/status/1932763664345673917,1
1932587610872164493,OswinCoolatta,2025-06-10T23:56:06.000Z,2025-06-10,@fried_friar  ME N U,https://x.com/OswinCoolatta/status/1932587610872164493,1
1932919587143889082,marinaluciaa,2025-06-11T21:55:16.000Z,2025-06-11,@_calinaraissa,https://x.com/marinaluciaa/status/1932919587143889082,1
1932924728437813412,ashprevost,2025-06-11T22:15:41.000Z,2025-06-11,@Cali_Girl5,https://x.com/ashprevost/status/1932924728437813412,1
1932740227795214711,rebeccaprigmore,2025-06-11T10:02:33.000Z,2025-06-11,@casey_woodcock,https://x.com/rebeccaprigmore/status/1932740227795214711,1
1932425704219562215,IastremschiM,2025-06-10T13:12:45.000Z,2025-06-10,gooooooooooood,https://x.com/IastremschiM/status/1932425704219562215,1
1932604672864628812,elainem030847,2025-06-11T01:03:54.000Z,2025-06-11,Perfection!,https://x.com/elainem030847/status/1932604672864628812,1
1932884186475687974,LeRebeque,2025-06-11T19:34:35.000Z,2025-06-11,@Fischer010102  óia a gente,https://x.com/LeRebeque/status/1932884186475687974,1
1932860362589892895,Moneyforecaster,2025-06-11T17:59:55.000Z,2025-06-11,Love it,https://x.com/Moneyforecaster/status/1932860362589892895,1
1932793193051062759,Vil4577Rodolfo,2025-06-11T13:33:01.000Z,2025-06-11,lol!,https://x.com/Vil4577Rodolfo/status/1932793193051062759,1
1932498780093620298,TrustGoddess999,2025-06-10T18:03:07.000Z,2025-06-10,Out of context and cute as fuck!,https://x.com/TrustGoddess999/status/1932498780093620298,1
1932729387683651869,Prozz1337,2025-06-11T09:19:29.000Z,2025-06-11,@SpidergumCS,https://x.com/Prozz1337/status/1932729387683651869,1
1932757930073293204,PamelaLBogan1,2025-06-11T11:12:54.000Z,2025-06-11,LOL,https://x.com/PamelaLBogan1/status/1932757930073293204,1
1932450571694281113,henriette_42362,2025-06-10T14:51:34.000Z,2025-06-10,Definitely,https://x.com/henriette_42362/status/1932450571694281113,1
1932741979273613723,_velorien_,2025-06-11T10:09:31.000Z,2025-06-11,◉⁠‿⁠◉,https://x.com/_velorien_/status/1932741979273613723,1
1932707417596572163,mr__control,2025-06-11T07:52:10.000Z,2025-06-11,"@MinusRey  ,  @ZadradaT",https://x.com/mr__control/status/1932707417596572163,1
1932501940900147464,makuinoo,2025-06-10T18:15:41.000Z,2025-06-10,@mateocarmxn  nosotros,https://x.com/makuinoo/status/1932501940900147464,1
1932923709435613481,DannyAshkenasi,2025-06-11T22:11:38.000Z,2025-06-11,Photobomb of the year!,https://x.com/DannyAshkenasi/status/1932923709435613481,1
1932752395735298281,SerenaSurf1,2025-06-11T10:50:54.000Z,2025-06-11,hahaha this is adorable,https://x.com/SerenaSurf1/status/1932752395735298281,1
1933084850128396671,BluewoolProps,2025-06-12T08:51:57.000Z,2025-06-12,Awwwwnn cuties,https://x.com/BluewoolProps/status/1933084850128396671,1
1932871664804499667,LynnetteHa41280,2025-06-11T18:44:50.000Z,2025-06-11,BRILLIANT !,https://x.com/LynnetteHa41280/status/1932871664804499667,1
1933140146364596376,JanTP8,2025-06-12T12:31:41.000Z,2025-06-12,Staffies are the best dogs. I've had 3 rescues. They have so much love to give,https://x.com/JanTP8/status/1933140146364596376,1
1932495966374154340,yuko1220_apy120,2025-06-10T17:51:57.000Z,2025-06-10,可愛い犬とカバさん,https://x.com/yuko1220_apy120/status/1932495966374154340,1
1933105530689790158,kikereyesh9,2025-06-12T10:14:08.000Z,2025-06-12,@Maurizioiardino  imposible no acordarse de levi,https://x.com/kikereyesh9/status/1933105530689790158,1
1932907831360999789,Norma81633936,2025-06-11T21:08:33.000Z,2025-06-11,Qué lindos!,https://x.com/Norma81633936/status/1932907831360999789,1
1932918029706481775,SpookeedYT,2025-06-11T21:49:04.000Z,2025-06-11,Yes,https://x.com/SpookeedYT/status/1932918029706481775,1
1932911326776487944,PatriciaBasham8,2025-06-11T21:22:26.000Z,2025-06-11,"How can you not love these faces, lolol.",https://x.com/PatriciaBasham8/status/1932911326776487944,1
1933118772631785558,seuteikeu585761,2025-06-12T11:06:45.000Z,2025-06-12,오ㅔㅐ케 귀여워,https://x.com/seuteikeu585761/status/1933118772631785558,1
1933123539198173683,pjpancho0523,2025-06-12T11:25:42.000Z,2025-06-12,amazing,https://x.com/pjpancho0523/status/1933123539198173683,1
1932731888709538120,an0therriris,2025-06-11T09:29:25.000Z,2025-06-11,wleeee cekrekkk,https://x.com/an0therriris/status/1932731888709538120,1
1933113291616010524,JessicaHil93946,2025-06-12T10:44:58.000Z,2025-06-12,cute,https://x.com/JessicaHil93946/status/1933113291616010524,1
1933011697935028265,Megladon71,2025-06-12T04:01:17.000Z,2025-06-12,@LemmeHollyatU,https://x.com/Megladon71/status/1933011697935028265,1
1932568315437686798,jbschroeter2017,2025-06-10T22:39:26.000Z,2025-06-10,Absolutely!,https://x.com/jbschroeter2017/status/1932568315437686798,1
1933129382496747670,CATHERINEPATUEL,2025-06-12T11:48:55.000Z,2025-06-12,Ahahaha,https://x.com/CATHERINEPATUEL/status/1933129382496747670,1
1932644273356210397,leanahalli99,2025-06-11T03:41:16.000Z,2025-06-11,happy doggie,https://x.com/leanahalli99/status/1932644273356210397,1
1932997468335354016,GuTamatha68480,2025-06-12T03:04:44.000Z,2025-06-12,same distance between eyes,https://x.com/GuTamatha68480/status/1932997468335354016,1
1932428809187557477,marylmp63,2025-06-10T13:25:05.000Z,2025-06-10,Aww what a very cute pic  so adorable I love this pic,https://x.com/marylmp63/status/1932428809187557477,1
1932643313330327690,Beatriz10301119,2025-06-11T03:37:27.000Z,2025-06-11,Hermosos,https://x.com/Beatriz10301119/status/1932643313330327690,1
1932885641949319354,CFinzu2317,2025-06-11T19:40:22.000Z,2025-06-11,Awesome. Love it.,https://x.com/CFinzu2317/status/1932885641949319354,1
1932587572171087891,OswinCoolatta,2025-06-10T23:55:57.000Z,2025-06-10,HAHAHAHAHAHAHA,https://x.com/OswinCoolatta/status/1932587572171087891,1
1932754194987155577,faiyazqo,2025-06-11T10:58:03.000Z,2025-06-11,ANG CUTE,https://x.com/faiyazqo/status/1932754194987155577,1
1932603487134618015,GrammaK9,2025-06-11T00:59:12.000Z,2025-06-11,Yes indeed,https://x.com/GrammaK9/status/1932603487134618015,1
1932603272830787680,arilarysa,2025-06-11T00:58:20.000Z,2025-06-11,scroll back and rethink that,https://x.com/arilarysa/status/1932603272830787680,1
1932837099050352879,XWallsVibe,2025-06-11T16:27:29.000Z,2025-06-11,So sweet,https://x.com/XWallsVibe/status/1932837099050352879,1
1932456180695154758,Mzaggy68,2025-06-10T15:13:51.000Z,2025-06-10,Love it!,https://x.com/Mzaggy68/status/1932456180695154758,1
1932424256882635033,Jaysarnold79,2025-06-10T13:07:00.000Z,2025-06-10,I love this dog he’s very cultured,https://x.com/Jaysarnold79/status/1932424256882635033,1
1933101087445455238,MM99306,2025-06-12T09:56:29.000Z,2025-06-12,lovely,https://x.com/MM99306/status/1933101087445455238,1
1932738915469082761,GergsVali567,2025-06-11T09:57:20.000Z,2025-06-11,so cute~,https://x.com/GergsVali567/status/1932738915469082761,1
1932427389843189970,Dr_Ziriki,2025-06-10T13:19:27.000Z,2025-06-10,Best Buds,https://x.com/Dr_Ziriki/status/1932427389843189970,1
1932756926670029229,WOW_ANIMALS1,2025-06-11T11:08:54.000Z,2025-06-11,"This is Itsy. If you were wondering, yes, she is flirting with you.",https://x.com/WOW_ANIMALS1/status/1932756926670029229,1
1932978157197668621,PunchingCat,2025-06-12T01:48:00.000Z,2025-06-12,the little sounds he makes while stretching,https://x.com/PunchingCat/status/1932978157197668621,1
1932825181262889334,Yoda4ever,2025-06-11T15:40:08.000Z,2025-06-11,Dog sensed its owner's presence just by her scent..,https://x.com/Yoda4ever/status/1932825181262889334,1
1932970126715883910,Nikki,2025-06-12T01:16:05.000Z,2025-06-12,Just a girl and her dog.,https://x.com/Niknakgirl23/status/1932970126715883910,0
1932974001623871492,robertmblakejr1,2025-06-12T01:31:29.000Z,2025-06-12,"You're cute. But please, give us a better shot of your 7mo old puppy.",https://x.com/robertmblakejr1/status/1932974001623871492,1
1932972775456604245,a_brian3098,2025-06-12T01:26:37.000Z,2025-06-12,You should have said just a beautiful  girl and her dog,https://x.com/a_brian3098/status/1932972775456604245,1
1932980770571784405,ChrisDArtworks,2025-06-12T01:58:23.000Z,2025-06-12,Beauty!,https://x.com/ChrisDArtworks/status/1932980770571784405,1
1932971489810071647,Stephenmac437,2025-06-12T01:21:30.000Z,2025-06-12,German shepherd?,https://x.com/Stephenmac437/status/1932971489810071647,1
1932970821448032406,justhalo734,2025-06-12T01:18:51.000Z,2025-06-12,And a beautiful woman you are,https://x.com/justhalo734/status/1932970821448032406,1
1932971708161372262,The_Stover_Bros,2025-06-12T01:22:22.000Z,2025-06-12,"Hey, Nikki",https://x.com/The_Stover_Bros/status/1932971708161372262,1
1933001467839066129,ShelleyKeazer,2025-06-12T03:20:38.000Z,2025-06-12,Sometimes that’s all it takes,https://x.com/ShelleyKeazer/status/1933001467839066129,1
1932979933174808698,USA_64,2025-06-12T01:55:03.000Z,2025-06-12,What dog?,https://x.com/USA_64/status/1932979933174808698,1
1932989476021637530,HuskerHawg777,2025-06-12T02:32:58.000Z,2025-06-12,"Beautiful, both lol",https://x.com/HuskerHawg777/status/1932989476021637530,1
1933070760962044150,angelojello74,2025-06-12T07:55:58.000Z,2025-06-12,So pretty,https://x.com/angelojello74/status/1933070760962044150,1
1932972505809236077,LamensMart5872,2025-06-12T01:25:32.000Z,2025-06-12,Cute picture,https://x.com/LamensMart5872/status/1932972505809236077,1
1932971107943895083,CelticBear,2025-06-12T01:19:59.000Z,2025-06-12,Hello Anakin.  Hello Nikki.,https://x.com/CelticBear/status/1932971107943895083,1
1933114046506565861,Mr_Inelegant,2025-06-12T10:47:58.000Z,2025-06-12,Girls and dogs go nice together!,https://x.com/Mr_Inelegant/status/1933114046506565861,1
1933145503815872727,MB8560420379849,2025-06-12T12:52:58.000Z,2025-06-12,Just?,https://x.com/MB8560420379849/status/1933145503815872727,1
1932988631808868469,Jami_Cat,2025-06-12T02:29:37.000Z,2025-06-12,Wish I were 20 years younger.,https://x.com/Jami_Cat/status/1932988631808868469,1
1932989767727161589,BlueBirdSees,2025-06-12T02:34:08.000Z,2025-06-12,"Oh,  ... much more, i'm certain",https://x.com/BlueBirdSees/status/1932989767727161589,1
1932979995997004183,WARRELL57,2025-06-12T01:55:18.000Z,2025-06-12,Lovely Nikki!,https://x.com/WARRELL57/status/1932979995997004183,1
1932974020187631832,JoeCool38053,2025-06-12T01:31:33.000Z,2025-06-12,Beautiful picture of a beautiful lady and a cute dog,https://x.com/JoeCool38053/status/1932974020187631832,1
1932991462980956548,BrianPeace73975,2025-06-12T02:40:52.000Z,2025-06-12,Wow,https://x.com/BrianPeace73975/status/1932991462980956548,1
1933125882941669527,MRhodes555,2025-06-12T11:35:00.000Z,2025-06-12,Looking good my friend !,https://x.com/MRhodes555/status/1933125882941669527,1
1933131904120742240,krwkenny,2025-06-12T11:58:56.000Z,2025-06-12,Nice!,https://x.com/krwkenny/status/1933131904120742240,1
1932971009789047109,VinTanner68,2025-06-12T01:19:36.000Z,2025-06-12,Mine-,https://x.com/VinTanner68/status/1932971009789047109,1
1932973226843578863,GT14074028,2025-06-12T01:28:24.000Z,2025-06-12,Where have you been Nikki?,https://x.com/GT14074028/status/1932973226843578863,1
1932983107776663722,SoonerRod,2025-06-12T02:07:40.000Z,2025-06-12,Y’all kinda bougie or whateva.,https://x.com/SoonerRod/status/1932983107776663722,1
1932974719449379198,Just1BeforeIDie,2025-06-12T01:34:20.000Z,2025-06-12,Dog is cute too.,https://x.com/Just1BeforeIDie/status/1932974719449379198,1
1932971776713044357,GBRY6,2025-06-12T01:22:39.000Z,2025-06-12,Cute.,https://x.com/GBRY6/status/1932971776713044357,1
1932971886452879717,GJtexconserv,2025-06-12T01:23:05.000Z,2025-06-12,Cute,https://x.com/GJtexconserv/status/1932971886452879717,1
1932984094625022386,davidp6576,2025-06-12T02:11:35.000Z,2025-06-12,Hey Nikki,https://x.com/davidp6576/status/1932984094625022386,1
1932975176377119109,JosephC22506641,2025-06-12T01:36:09.000Z,2025-06-12,Beautiful,https://x.com/JosephC22506641/status/1932975176377119109,1
1932975044923150707,risco_rick,2025-06-12T01:35:38.000Z,2025-06-12,Very Niiice,https://x.com/risco_rick/status/1932975044923150707,1
1932996159229829327,RobDuke369025,2025-06-12T02:59:32.000Z,2025-06-12,Whoa! Mama,https://x.com/RobDuke369025/status/1932996159229829327,1
1933012903323377956,BBunny61087,2025-06-12T04:06:04.000Z,2025-06-12,Cutie,https://x.com/BBunny61087/status/1933012903323377956,1
1932998872361476139,KozakowskiDean,2025-06-12T03:10:19.000Z,2025-06-12,Beauty,https://x.com/KozakowskiDean/status/1932998872361476139,1
1932971139246031022,mcm3168,2025-06-12T01:20:07.000Z,2025-06-12,puppyyyyyyyyyy,https://x.com/mcm3168/status/1932971139246031022,1
1932972999118033350,firstdeadpilled,2025-06-12T01:27:30.000Z,2025-06-12,They love their humans,https://x.com/firstdeadpilled/status/1932972999118033350,1
1932974144767078526,JShrodek,2025-06-12T01:32:03.000Z,2025-06-12,Good evening Nikki haven’t spoke to you in quite a while. You are a good one out too. Congrats.,https://x.com/JShrodek/status/1932974144767078526,1
1932972473697399098,WilliamSch1469,2025-06-12T01:25:25.000Z,2025-06-12,Nice puppies,https://x.com/WilliamSch1469/status/1932972473697399098,1
1932970956386894130,DennisH98236828,2025-06-12T01:19:23.000Z,2025-06-12,Country girl and her dog,https://x.com/DennisH98236828/status/1932970956386894130,1
1932982709338452118,sgtjohnjay,2025-06-12T02:06:05.000Z,2025-06-12,A pretty girl,https://x.com/sgtjohnjay/status/1932982709338452118,1
1932992559229645166,JackSchwarzel,2025-06-12T02:45:14.000Z,2025-06-12,Looking GREAT Nikki,https://x.com/JackSchwarzel/status/1932992559229645166,1
1932970414432821321,HFinn61247,2025-06-12T01:17:14.000Z,2025-06-12,Sweets!,https://x.com/HFinn61247/status/1932970414432821321,1
1932997356305191223,MBelanger160,2025-06-12T03:04:17.000Z,2025-06-12,Cute,https://x.com/MBelanger160/status/1932997356305191223,1
1932981825632411731,robdowns21,2025-06-12T02:02:34.000Z,2025-06-12,y’all be looking good,https://x.com/robdowns21/status/1932981825632411731,1
1932978180794552695,102510Rufus,2025-06-12T01:48:05.000Z,2025-06-12,Beautiful and you too niki,https://x.com/102510Rufus/status/1932978180794552695,1
1932972600130695253,AJohnstownGuy,2025-06-12T01:25:55.000Z,2025-06-12,"Girl, you’re a smokeshow.    Mine is female hybrid: German shepherd and Alaskan Malamute mix.",https://x.com/AJohnstownGuy/status/1932972600130695253,1
1932977761229905995,TM78543527936,2025-06-12T01:46:25.000Z,2025-06-12,Looking good Nikki.,https://x.com/TM78543527936/status/1932977761229905995,1
1932980226843197666,SamSim2098,2025-06-12T01:56:13.000Z,2025-06-12,Dangerous,https://x.com/SamSim2098/status/1932980226843197666,1
1933106177400787108,rick2EZ,2025-06-12T10:16:42.000Z,2025-06-12,Move out of the way I can’t see the dog!,https://x.com/rick2EZ/status/1933106177400787108,1
1932991924845359530,wilkins_sc33746,2025-06-12T02:42:42.000Z,2025-06-12,Look at you.,https://x.com/wilkins_sc33746/status/1932991924845359530,1
1933003049175577045,kuntryking187,2025-06-12T03:26:55.000Z,2025-06-12,Hii pretty gurl. U do know ur fishing rite?,https://x.com/kuntryking187/status/1933003049175577045,1
1932970614173618533,TakesMike52732,2025-06-12T01:18:01.000Z,2025-06-12,Such a wonderful combination,https://x.com/TakesMike52732/status/1932970614173618533,1
1933135527554781271,IVHOGIV2,2025-06-12T12:13:20.000Z,2025-06-12,Mornin,https://x.com/IVHOGIV2/status/1933135527554781271,1
1932973536286806262,ChrisBearFX,2025-06-12T01:29:38.000Z,2025-06-12,Looks like a GSD.,https://x.com/ChrisBearFX/status/1932973536286806262,1
1932977368806949080,michaelw626528,2025-06-12T01:44:52.000Z,2025-06-12,Same,https://x.com/michaelw626528/status/1932977368806949080,1
1932991654031732993,disinfoscam,2025-06-12T02:41:38.000Z,2025-06-12,Aww,https://x.com/disinfoscam/status/1932991654031732993,1
1932975646592151712,donaldw67453928,2025-06-12T01:38:01.000Z,2025-06-12,Enjoy a good night Nikki!,https://x.com/donaldw67453928/status/1932975646592151712,1
1932973265464729941,TruthWolf56,2025-06-12T01:28:34.000Z,2025-06-12,Just a pretty cute girl n her pupper,https://x.com/TruthWolf56/status/1932973265464729941,1
1932981369468338557,realAnilReddy,2025-06-12T02:00:46.000Z,2025-06-12,Nice pic..you got 2babies,https://x.com/realAnilReddy/status/1932981369468338557,1
1932994507512950941,tommyg4109,2025-06-12T02:52:58.000Z,2025-06-12,Goodnight Nikki.,https://x.com/tommyg4109/status/1932994507512950941,1
1932972656317305259,RWebster63,2025-06-12T01:26:08.000Z,2025-06-12,You’re beautiful Nikki,https://x.com/RWebster63/status/1932972656317305259,1
1932978954178298062,ShrinivasKhaire,2025-06-12T01:51:10.000Z,2025-06-12,Hello dear,https://x.com/ShrinivasKhaire/status/1932978954178298062,1
1933125816227184660,BGE1148555,2025-06-12T11:34:44.000Z,2025-06-12,Good morning can I be your dog,https://x.com/BGE1148555/status/1933125816227184660,1
1932971902022398340,PapaGringo3,2025-06-12T01:23:08.000Z,2025-06-12,I miss my Luci,https://x.com/PapaGringo3/status/1932971902022398340,1
1932976315608465636,RMunch260569,2025-06-12T01:40:41.000Z,2025-06-12,Marry Me Pretty Lady!,https://x.com/RMunch260569/status/1932976315608465636,1
1932986622305309127,frank_1950,2025-06-12T02:21:38.000Z,2025-06-12,My Nova,https://x.com/frank_1950/status/1932986622305309127,1
1933000679096004896,SnortinWhisky77,2025-06-12T03:17:29.000Z,2025-06-12,What a beauty!! So is your puppy!,https://x.com/SnortinWhisky77/status/1933000679096004896,1
1933156449104093610,bk6carfan,2025-06-12T13:36:28.000Z,2025-06-12,Happy Friday Eve! Have a wonderful day!,https://x.com/bk6carfan/status/1933156449104093610,1
1933079224170295360,SriramKarr79003,2025-06-12T08:29:36.000Z,2025-06-12,Nikki  Dog  has become very very huge  Please share me pic of My pretty dog,https://x.com/SriramKarr79003/status/1933079224170295360,1
1932978967406870795,MisterZuggy,2025-06-12T01:51:13.000Z,2025-06-12,Woman. Real Woman. And her puppy,https://x.com/MisterZuggy/status/1932978967406870795,1
1933065146802614716,Richard77720582,2025-06-12T07:33:40.000Z,2025-06-12,"Hey girl, don't let that human photo bomb you.",https://x.com/Richard77720582/status/1933065146802614716,1
1933014378296541296,highdesertmanNM,2025-06-12T04:11:56.000Z,2025-06-12,Lovely,https://x.com/highdesertmanNM/status/1933014378296541296,1
1931716494573838718,Wow Animals,2025-06-08T14:14:36.000Z,2025-06-08,This beautiful dog greets everyone with a smile in the morning,https://x.com/WOW_ANIMALS1/status/1931716494573838718,0
1931819469522813223,susanba34717869,2025-06-08T21:03:47.000Z,2025-06-08,"But no one wants him , my heart is crying .",https://x.com/susanba34717869/status/1931819469522813223,1
1931877156856152441,JULIATU02010271,2025-06-09T00:53:01.000Z,2025-06-09,That’s at a kennel he was staying out while parents were out of town. Parents picked him up,https://x.com/JULIATU02010271/status/1931877156856152441,2
1931881731700949115,RamirezDarla,2025-06-09T01:11:12.000Z,2025-06-09,Mine too heartbroken,https://x.com/RamirezDarla/status/1931881731700949115,2
1931734380076212418,DaCryptoGeneral,2025-06-08T15:25:40.000Z,2025-06-08,Get Maggie adopted,https://x.com/DaCryptoGeneral/status/1931734380076212418,1
1931810602508599414,DAE2781,2025-06-08T20:28:33.000Z,2025-06-08,What a good puppers,https://x.com/DAE2781/status/1931810602508599414,1
1932321728707146186,SemperFi0101,2025-06-10T06:19:35.000Z,2025-06-10,Has anyone adopted Maggie yet? I would be interested.,https://x.com/SemperFi0101/status/1932321728707146186,1
1932308710409609647,MAGAParty_,2025-06-10T05:27:51.000Z,2025-06-10,We need updates on Maggie!,https://x.com/MAGAParty_/status/1932308710409609647,1
1931969432332673403,BoxMetaAlt,2025-06-09T06:59:41.000Z,2025-06-09,Dogs bring so much joy,https://x.com/BoxMetaAlt/status/1931969432332673403,1
1931966819067404488,mrpro888,2025-06-09T06:49:18.000Z,2025-06-09,Does he/she have a home?,https://x.com/mrpro888/status/1931966819067404488,1
1931907673890410983,Amer1can_Barbie,2025-06-09T02:54:17.000Z,2025-06-09,Why is she in a shelter omg,https://x.com/Amer1can_Barbie/status/1931907673890410983,1
1931801079957639434,JenniferCa96364,2025-06-08T19:50:43.000Z,2025-06-08,"Where is she, I'll adopt!!",https://x.com/JenniferCa96364/status/1931801079957639434,1
1931797268086284679,JustBillinVa,2025-06-08T19:35:34.000Z,2025-06-08,She would give everything she has for a pat on the head.,https://x.com/JustBillinVa/status/1931797268086284679,1
1931814809747767704,connie2126,2025-06-08T20:45:16.000Z,2025-06-08,"WELL, THIS JUST BROKE MY HEART IN TWO!  WILL SOMEONE PLEASE ADOPT MAGGIE!",https://x.com/connie2126/status/1931814809747767704,1
1931824825615753292,yate51751,2025-06-08T21:25:04.000Z,2025-06-08,Why do his eyes hurt ?,https://x.com/yate51751/status/1931824825615753292,1
1931752699881529458,KGreenmeier,2025-06-08T16:38:28.000Z,2025-06-08,Does anyone know if this beautiful pup was adopted??  Just love her so much and she deserves the best life!!!,https://x.com/KGreenmeier/status/1931752699881529458,1
1931867291878125883,EdwardHaugland,2025-06-09T00:13:49.000Z,2025-06-09,Pure love. Adopt immediately!,https://x.com/EdwardHaugland/status/1931867291878125883,1
1931978520416473254,debfitzpatrick3,2025-06-09T07:35:48.000Z,2025-06-09,Hope she has a warm beautiful home now,https://x.com/debfitzpatrick3/status/1931978520416473254,1
1931800928178549108,JenniferCa96364,2025-06-08T19:50:07.000Z,2025-06-08,"So sweet,!!",https://x.com/JenniferCa96364/status/1931800928178549108,1
1931823870438527188,DaveLPhillips11,2025-06-08T21:21:16.000Z,2025-06-08,I WANT TO BRING HER HOME!,https://x.com/DaveLPhillips11/status/1931823870438527188,1
1932195671593160942,srqbanker,2025-06-09T21:58:41.000Z,2025-06-09,What a good dog!,https://x.com/srqbanker/status/1932195671593160942,1
1931829925885124960,JeralKirwan,2025-06-08T21:45:20.000Z,2025-06-08,What a sweetie.,https://x.com/JeralKirwan/status/1931829925885124960,1
1931761028771246189,IamBlake19,2025-06-08T17:11:34.000Z,2025-06-08,I hope she gets adopted. She seems sweet,https://x.com/IamBlake19/status/1931761028771246189,1
1931866795549552797,zoeyswisper,2025-06-09T00:11:51.000Z,2025-06-09,Good morning sweetheart.,https://x.com/zoeyswisper/status/1931866795549552797,1
1931910495482650873,SketchborneArt,2025-06-09T03:05:29.000Z,2025-06-09,"I'm in FL, but I would take her right now. OMG love that face.",https://x.com/SketchborneArt/status/1931910495482650873,1
1932115085012746243,Umm_e_meerann,2025-06-09T16:38:27.000Z,2025-06-09,Why no one adopted him yet? He is an adorable baby,https://x.com/Umm_e_meerann/status/1932115085012746243,1
1932306608580858252,Zodyrus,2025-06-10T05:19:30.000Z,2025-06-10,she'll get adopted quickly,https://x.com/Zodyrus/status/1932306608580858252,1
1932162909758689753,Fawn1026,2025-06-09T19:48:30.000Z,2025-06-09,Where is this beautiful baby and is he up for adoption?,https://x.com/Fawn1026/status/1932162909758689753,1
1932089256488681822,jamesfarle232,2025-06-09T14:55:49.000Z,2025-06-09,Adorable! Good morning!,https://x.com/jamesfarle232/status/1932089256488681822,1
1931883884699902036,ItalianPointers,2025-06-09T01:19:45.000Z,2025-06-09,I’ll take her home,https://x.com/ItalianPointers/status/1931883884699902036,1
1931856771825480117,Crypt0fficial,2025-06-08T23:32:01.000Z,2025-06-08,Instant adoption,https://x.com/Crypt0fficial/status/1931856771825480117,1
1932153605290942839,Sirry7506,2025-06-09T19:11:31.000Z,2025-06-09,"Awww , I want to take them all home!",https://x.com/Sirry7506/status/1932153605290942839,1
1931732414650532086,JLQ1776,2025-06-08T15:17:52.000Z,2025-06-08,Good morning Maggie you’re so sweet. What a good girl. I hope you find a home people that love you adore you sweet girl.,https://x.com/JLQ1776/status/1931732414650532086,1
1931737306870026524,Hennry770,2025-06-08T15:37:18.000Z,2025-06-08,Ahh geez I hope she’s adopted asap,https://x.com/Hennry770/status/1931737306870026524,1
1932090009588486216,xxmahibogixx,2025-06-09T14:58:49.000Z,2025-06-09,Her smile is contagious! Where can we learn more about adopting her?,https://x.com/xxmahibogixx/status/1932090009588486216,1
1932178296692670650,TammyThomp98032,2025-06-09T20:49:38.000Z,2025-06-09,What a sweetie,https://x.com/TammyThomp98032/status/1932178296692670650,1
1932092907647062369,CJ52032309,2025-06-09T15:10:20.000Z,2025-06-09,I’ll take Maggie.,https://x.com/CJ52032309/status/1932092907647062369,1
1932207872257273954,Marr3ro,2025-06-09T22:47:10.000Z,2025-06-09,"Alright, you sold me… when can I have her?",https://x.com/Marr3ro/status/1932207872257273954,1
1932373182700564541,Crypto_mushroom,2025-06-10T09:44:03.000Z,2025-06-10,So why is he in jail? Set him free & give him a good life with a loving family,https://x.com/Crypto_mushroom/status/1932373182700564541,1
1931843889524322636,A246334701986,2025-06-08T22:40:49.000Z,2025-06-08,She is beautiful.,https://x.com/A246334701986/status/1931843889524322636,1
1931719882673959361,magic33number,2025-06-08T14:28:04.000Z,2025-06-08,Hi Maggie,https://x.com/magic33number/status/1931719882673959361,1
1931875278868861420,TravlrSuz,2025-06-09T00:45:33.000Z,2025-06-09,Adopt him!,https://x.com/TravlrSuz/status/1931875278868861420,1
1931781886977683896,Constan36865676,2025-06-08T18:34:27.000Z,2025-06-08,What a cutie pie,https://x.com/Constan36865676/status/1931781886977683896,1
1932635391909101690,NatSteinway,2025-06-11T03:05:58.000Z,2025-06-11,And this is why I love animals,https://x.com/NatSteinway/status/1932635391909101690,1
1932243784747626552,Robinhoodett,2025-06-10T01:09:52.000Z,2025-06-10,So cute,https://x.com/Robinhoodett/status/1932243784747626552,1
1931800940253950076,SHaney900966573,2025-06-08T19:50:09.000Z,2025-06-08,Someone should adopt,https://x.com/SHaney900966573/status/1931800940253950076,1
1931813558058127570,militaryhistori,2025-06-08T20:40:18.000Z,2025-06-08,Lovely,https://x.com/militaryhistori/status/1931813558058127570,1
1932283980285714730,HillSmock,2025-06-10T03:49:35.000Z,2025-06-10,He needs a home!,https://x.com/HillSmock/status/1932283980285714730,1
1932285254611673179,HillSmock,2025-06-10T03:54:39.000Z,2025-06-10,Where is she at?,https://x.com/HillSmock/status/1932285254611673179,1
1931838951003742532,bscoutwyatt,2025-06-08T22:21:12.000Z,2025-06-08,Please adopt him,https://x.com/bscoutwyatt/status/1931838951003742532,1
1932234922397233191,Globalnews024,2025-06-10T00:34:39.000Z,2025-06-10,Good,https://x.com/Globalnews024/status/1932234922397233191,1
1932152585244545368,AnnieDe16832358,2025-06-09T19:07:28.000Z,2025-06-09,How sweet and touching.,https://x.com/AnnieDe16832358/status/1932152585244545368,1
1931970836358934796,katecyrusdgreat,2025-06-09T07:05:16.000Z,2025-06-09,Proof that happiness requires the eyes of the heart - only the heart.,https://x.com/katecyrusdgreat/status/1931970836358934796,1
1932080782601818185,GaryW_Rodgers,2025-06-09T14:22:09.000Z,2025-06-09,Have a fabulous day.,https://x.com/GaryW_Rodgers/status/1932080782601818185,1
1932130411309621372,kmilesley,2025-06-09T17:39:21.000Z,2025-06-09,Too cute! I love this post!,https://x.com/kmilesley/status/1932130411309621372,1
1931903115780915555,SwatoMato,2025-06-09T02:36:10.000Z,2025-06-09,He looks stoned.,https://x.com/SwatoMato/status/1931903115780915555,1
1931832770298339422,lmcplc20169,2025-06-08T21:56:38.000Z,2025-06-08,I would snatch that sweetheart up in a heartbeat.,https://x.com/lmcplc20169/status/1931832770298339422,1
1931736795676610678,Doggyhub147,2025-06-08T15:35:16.000Z,2025-06-08,Ballerina dancer,https://x.com/Doggyhub147/status/1931736795676610678,1
1932059577245167952,tanylake,2025-06-09T12:57:53.000Z,2025-06-09,Trauma response. When you are desperate for someone to accept you and not be mean to you. I feel this so hard,https://x.com/tanylake/status/1932059577245167952,1
1932230174520844747,Sherrillacyr12,2025-06-10T00:15:47.000Z,2025-06-10,Oh please someone give this beautiful creature a loving home.,https://x.com/Sherrillacyr12/status/1932230174520844747,1
1931874855768707326,missfentanyll,2025-06-09T00:43:52.000Z,2025-06-09,@beyondfentanyl  lmao that face card too perf,https://x.com/missfentanyll/status/1931874855768707326,1
1931871769859924328,PoultryBadBoy,2025-06-09T00:31:37.000Z,2025-06-09,Get this dog a home king of the fricken road what a nice one,https://x.com/PoultryBadBoy/status/1931871769859924328,1
1931873290727178620,patsymartin67,2025-06-09T00:37:39.000Z,2025-06-09,I would adopt this dog.,https://x.com/patsymartin67/status/1931873290727178620,1
1931915571085639946,GinaElaine3,2025-06-09T03:25:40.000Z,2025-06-09,Maggie = perfection,https://x.com/GinaElaine3/status/1931915571085639946,1
1932031128044707857,janvi_tembhurne,2025-06-09T11:04:50.000Z,2025-06-09,His eyes are smiling,https://x.com/janvi_tembhurne/status/1932031128044707857,1
1932514349001945505,bnowornever,2025-06-10T19:04:59.000Z,2025-06-10,I want her.,https://x.com/bnowornever/status/1932514349001945505,1
1932095858285138177,SteveMo83645487,2025-06-09T15:22:03.000Z,2025-06-09,Beautiful,https://x.com/SteveMo83645487/status/1932095858285138177,1
1931735418212422012,Fringe_Centrist,2025-06-08T15:29:48.000Z,2025-06-08,My understanding is that this dog has a home and that this is her family picking her up from the kennel after they went on vacation.,https://x.com/Fringe_Centrist/status/1931735418212422012,1
1931768648668197017,CichConsta37143,2025-06-08T17:41:51.000Z,2025-06-08,Where is she?,https://x.com/CichConsta37143/status/1931768648668197017,1
1931756554694402254,GreenLifeS8,2025-06-08T16:53:47.000Z,2025-06-08,Hey,https://x.com/GreenLifeS8/status/1931756554694402254,1
1932199698091364808,chapps,2025-06-09T22:14:41.000Z,2025-06-09,It’s not a smile. The dog is stressed and scared and closing her eyes so as not to appear threatening. Notice that she’s also shaking.,https://x.com/chapps/status/1932199698091364808,1
1931730560122339680,Beckybamarama,2025-06-08T15:10:30.000Z,2025-06-08,Who would surrender this beautiful dog,https://x.com/Beckybamarama/status/1931730560122339680,1
1931778131943154019,Hypnos2021,2025-06-08T18:19:32.000Z,2025-06-08,Please tell me she was adopted,https://x.com/Hypnos2021/status/1931778131943154019,1
1931778639294570574,vanwickle130,2025-06-08T18:21:32.000Z,2025-06-08,Where is this dog?,https://x.com/vanwickle130/status/1931778639294570574,1
1931837172635865164,AlanPilotic1,2025-06-08T22:14:08.000Z,2025-06-08,How can you not love that face!?,https://x.com/AlanPilotic1/status/1931837172635865164,1
1931795534701826347,cooltime2003,2025-06-08T19:28:41.000Z,2025-06-08,"Plz someone give this beautiful girl a home, such precious darling",https://x.com/cooltime2003/status/1931795534701826347,1
1932150746725691754,LucTremblay931,2025-06-09T19:00:10.000Z,2025-06-09,...,https://x.com/LucTremblay931/status/1932150746725691754,1
1931777994202480751,Jeep4Jett,2025-06-08T18:18:59.000Z,2025-06-08,I love him !!! God bless him . Please someone closer to him . Give him a big hug,https://x.com/Jeep4Jett/status/1931777994202480751,1
1931863666770792599,GRAW2ROBZ,2025-06-08T23:59:25.000Z,2025-06-08,I hope she gets adopted soon.  Not getting any younger.,https://x.com/GRAW2ROBZ/status/1931863666770792599,1
1931872567574544506,JakeThomas1983,2025-06-09T00:34:47.000Z,2025-06-09,Where can I adopt?,https://x.com/JakeThomas1983/status/1931872567574544506,1
1931990839892557997,Papang19366001,2025-06-09T08:24:45.000Z,2025-06-09,น่ารักจัง ขอให้ได้บ้านที่อบอุ่นนะคะ,https://x.com/Papang19366001/status/1931990839892557997,1
1931732465556836533,enoughknow5,2025-06-08T15:18:04.000Z,2025-06-08,Get Maggie adopted,https://x.com/enoughknow5/status/1931732465556836533,1
1931829463266034040,azjandersen,2025-06-08T21:43:30.000Z,2025-06-08,Ill adopt this dog.,https://x.com/azjandersen/status/1931829463266034040,1
1931716857083421121,rainie1410,2025-06-08T14:16:02.000Z,2025-06-08,"Someone adopt this gorgeous pupper, please!",https://x.com/rainie1410/status/1931716857083421121,1
1931886743189438676,LinAnn1970,2025-06-09T01:31:06.000Z,2025-06-09,I’ve been seeing this video for years.  I hope Maggie got a loving home.,https://x.com/LinAnn1970/status/1931886743189438676,1
1931907496928543138,Leisha_17,2025-06-09T02:53:35.000Z,2025-06-09,Is Maggie up for getting a forever home??,https://x.com/Leisha_17/status/1931907496928543138,1
1931790694873460895,JmjWaste,2025-06-08T19:09:27.000Z,2025-06-08,what area is the dog from?,https://x.com/JmjWaste/status/1931790694873460895,1
1932470447070757201,riflesandrosess,2025-06-10T16:10:32.000Z,2025-06-10,can i have her,https://x.com/riflesandrosess/status/1932470447070757201,1
1932313093473800310,champ_based,2025-06-10T05:45:16.000Z,2025-06-10,"Not to be dramatic, but I would die for Maggie",https://x.com/champ_based/status/1932313093473800310,1
1932113902449594574,seekdivinetruth,2025-06-09T16:33:45.000Z,2025-06-09,He’s living in a little prison cell and still managing to wag his tail and show joy. That smile it’s just his face not because he’s happy to be where he is. He needs a loving forever home.,https://x.com/seekdivinetruth/status/1932113902449594574,1
1932178095018283048,Moneymaker53341,2025-06-09T20:48:50.000Z,2025-06-09,I wish no dog was in shelters. I hope all dogs can be in. Loved homes.,https://x.com/Moneymaker53341/status/1932178095018283048,1
1932130566016549047,Gomez1979Tina,2025-06-09T17:39:58.000Z,2025-06-09,Hhahahaha estos ojitos,https://x.com/Gomez1979Tina/status/1932130566016549047,1
1932392237608104308,myyaah_kenzie,2025-06-10T10:59:46.000Z,2025-06-10,Sooo cute,https://x.com/myyaah_kenzie/status/1932392237608104308,1
1932207835682631802,zxyxyn,2025-06-09T22:47:01.000Z,2025-06-09,Maggie is part Shiba Inu for sure,https://x.com/zxyxyn/status/1932207835682631802,1
1932388020612694408,more4Q,2025-06-10T10:43:00.000Z,2025-06-10,Noooo why is he in a shelter. My hearttt,https://x.com/more4Q/status/1932388020612694408,1
1932293211352932837,ChloePenDogs,2025-06-10T04:26:16.000Z,2025-06-10,What shelter or rescue is this?,https://x.com/ChloePenDogs/status/1932293211352932837,1
1931961741929259285,TooSlow876,2025-06-09T06:29:08.000Z,2025-06-09,Poor thing the cut his testicles off.  She don’t know what else to do better!  She/he incontinent and belly full,https://x.com/TooSlow876/status/1931961741929259285,1
1932329520008192414,Bbdubxx,2025-06-10T06:50:33.000Z,2025-06-10,good morning to maggie and maggie only,https://x.com/Bbdubxx/status/1932329520008192414,1
1931834473722872062,TheaPaschall,2025-06-08T22:03:24.000Z,2025-06-08,Please tell us someone has adopted her and she’s living her best life out of the shelter!?!,https://x.com/TheaPaschall/status/1931834473722872062,1
1931885298310635812,TEXASMAN18361,2025-06-09T01:25:22.000Z,2025-06-09,Adopt her already,https://x.com/TEXASMAN18361/status/1931885298310635812,1
1931806891690152033,JeanaKnight123,2025-06-08T20:13:48.000Z,2025-06-08,I take him!!!!,https://x.com/JeanaKnight123/status/1931806891690152033,1
1932040649408205276,ShyWilliamBlake,2025-06-09T11:42:41.000Z,2025-06-09,"This is why I could never work with animals. i would adopt that dog and 3 more within that week alone, lol.",https://x.com/ShyWilliamBlake/status/1932040649408205276,1
1932177938650440008,MJohnson859053,2025-06-09T20:48:13.000Z,2025-06-09,I hope if that’s a shelter that someone ADOPTS that beautiful baby!!,https://x.com/MJohnson859053/status/1932177938650440008,1
1932154336165110147,tinkermahoo,2025-06-09T19:14:26.000Z,2025-06-09,Thia breaks my heart. Someone please take him home.,https://x.com/tinkermahoo/status/1932154336165110147,1
1931855611999793408,dvialove,2025-06-08T23:27:24.000Z,2025-06-08,So adorable,https://x.com/dvialove/status/1931855611999793408,1
1931937552472363379,FactorintheBS,2025-06-09T04:53:00.000Z,2025-06-09,I'd have him but I'm in Australia,https://x.com/FactorintheBS/status/1931937552472363379,1
1931937482993545393,SharonT67853942,2025-06-09T04:52:44.000Z,2025-06-09,I'd take them all in if I could. Come on people adopt him!,https://x.com/SharonT67853942/status/1931937482993545393,1
1932125642692100451,babycuba2012,2025-06-09T17:20:25.000Z,2025-06-09,look at that face what a cutie pie,https://x.com/babycuba2012/status/1932125642692100451,1
1931911529273897277,krstysmth,2025-06-09T03:09:36.000Z,2025-06-09,I want him,https://x.com/krstysmth/status/1931911529273897277,1
1931915820784922794,MarkMil32169675,2025-06-09T03:26:39.000Z,2025-06-09,She is a very beautiful girl and has great manners.,https://x.com/MarkMil32169675/status/1931915820784922794,1
1932181496279753035,claudiamodelof,2025-06-09T21:02:21.000Z,2025-06-09,"Good vibes, cute",https://x.com/claudiamodelof/status/1932181496279753035,1
1931889037851177120,MaggieCowell14,2025-06-09T01:40:14.000Z,2025-06-09,Is this dog adopted??,https://x.com/MaggieCowell14/status/1931889037851177120,1
1932141467050615048,katteachart,2025-06-09T18:23:17.000Z,2025-06-09,Maggie is going to make a forever family be the luckiest in the world. Lets get sweet Maggie adopted ASAP!!,https://x.com/katteachart/status/1932141467050615048,1
1932408193902362638,lollylegz979,2025-06-10T12:03:10.000Z,2025-06-10,"Someone, please take this baby home",https://x.com/lollylegz979/status/1932408193902362638,1
1932233677574140088,ForeverbBobbi,2025-06-10T00:29:42.000Z,2025-06-10,Maggie would’ve definitely been coming home with me!,https://x.com/ForeverbBobbi/status/1932233677574140088,1
1931874948852949293,BayMovers,2025-06-09T00:44:14.000Z,2025-06-09,What a beauty,https://x.com/BayMovers/status/1931874948852949293,1
1931817706036051973,Melrakkasletta,2025-06-08T20:56:47.000Z,2025-06-08,I love maggie,https://x.com/Melrakkasletta/status/1931817706036051973,1
1931996422775201833,YolandaPingito2,2025-06-09T08:46:56.000Z,2025-06-09,Beautiful baby,https://x.com/YolandaPingito2/status/1931996422775201833,1
1932118077778337933,EdWalsh3752,2025-06-09T16:50:21.000Z,2025-06-09,What a sweet dog.,https://x.com/EdWalsh3752/status/1932118077778337933,1
1932125242278682743,BekkerCare8284,2025-06-09T17:18:49.000Z,2025-06-09,Can i have this dog,https://x.com/BekkerCare8284/status/1932125242278682743,1
1932067559408615515,pongodhall,2025-06-09T13:29:36.000Z,2025-06-09,Oh I’d have to take him home. I’m so sad my dog days are over. I can’t walk them or afford to fence my field in.,https://x.com/pongodhall/status/1932067559408615515,1
1932118009092440458,Truther99999,2025-06-09T16:50:05.000Z,2025-06-09,Now my heart is broken. Any updates on her?,https://x.com/Truther99999/status/1932118009092440458,1
1931750960851730574,jesorge,2025-06-08T16:31:33.000Z,2025-06-08,Where is she located?,https://x.com/jesorge/status/1931750960851730574,1
1932285776940925158,YousraZainab956,2025-06-10T03:56:44.000Z,2025-06-10,udsgh,https://x.com/YousraZainab956/status/1932285776940925158,1
1932080714012397862,BettyVaccaro3,2025-06-09T14:21:53.000Z,2025-06-09,Sweet,https://x.com/BettyVaccaro3/status/1932080714012397862,1
1931795102818603101,JMartine6310,2025-06-08T19:26:58.000Z,2025-06-08,Quel beau bonhomme il mérite d'être aimé très fort toute sa vie,https://x.com/JMartine6310/status/1931795102818603101,1
1931736101020106957,CoccolonaDGN,2025-06-08T15:32:31.000Z,2025-06-08,Maggie,https://x.com/CoccolonaDGN/status/1931736101020106957,1
1931776969840169358,Richard20843251,2025-06-08T18:14:54.000Z,2025-06-08,I wish someone would adopt him.,https://x.com/Richard20843251/status/1931776969840169358,1
1932196670248239306,B_B_m_01,2025-06-09T22:02:39.000Z,2025-06-09,Love her name the one with the red collar is named Maggie as well. They were my late mom's dogs. Sadly Lucky the other one was attacked & killed by something one night when I let them go outside to potty  broke my heart taking care of them helped me get through loosing mom.,https://x.com/B_B_m_01/status/1932196670248239306,1
1931758358090121700,Scallywags2112,2025-06-08T17:00:57.000Z,2025-06-08,Precious baby,https://x.com/Scallywags2112/status/1931758358090121700,1
1931756606573690979,InGodBeliever,2025-06-08T16:53:59.000Z,2025-06-08,Oh who could not love this angel? May I have her?,https://x.com/InGodBeliever/status/1931756606573690979,1
1931851930546143424,MidWestFields25,2025-06-08T23:12:46.000Z,2025-06-08,I would adopt instantly,https://x.com/MidWestFields25/status/1931851930546143424,1
1931800678684324261,HammockBilly,2025-06-08T19:49:07.000Z,2025-06-08,What great kid!,https://x.com/HammockBilly/status/1931800678684324261,1
1931776897626562905,cynicalanalyst2,2025-06-08T18:14:37.000Z,2025-06-08,Hope he finds a home asap,https://x.com/cynicalanalyst2/status/1931776897626562905,1
1931789667529085002,578Drizzt,2025-06-08T19:05:22.000Z,2025-06-08,Aw,https://x.com/578Drizzt/status/1931789667529085002,1
1931739089554051072,Jay1RSF,2025-06-08T15:44:23.000Z,2025-06-08,Help him please!!,https://x.com/Jay1RSF/status/1931739089554051072,1
1931803653352067194,MichaelDEsposi1,2025-06-08T20:00:56.000Z,2025-06-08,Love this,https://x.com/MichaelDEsposi1/status/1931803653352067194,1
1931719704575394015,bali_12,2025-06-08T14:27:21.000Z,2025-06-08,Full of love,https://x.com/bali_12/status/1931719704575394015,1
1931818131929927920,Ledmunkey1,2025-06-08T20:58:28.000Z,2025-06-08,Imagine the smile if she had a home,https://x.com/Ledmunkey1/status/1931818131929927920,1
1931906749117747324,Tamara87000620,2025-06-09T02:50:36.000Z,2025-06-09,How precious,https://x.com/Tamara87000620/status/1931906749117747324,1
1931939196555378898,AMaschmeye1312,2025-06-09T04:59:32.000Z,2025-06-09,What a Beautiful Smile,https://x.com/AMaschmeye1312/status/1931939196555378898,1
1931813191744725152,01brain_dead,2025-06-08T20:38:50.000Z,2025-06-08,This one is so cute. How come it's still there?,https://x.com/01brain_dead/status/1931813191744725152,1
1932220609423196622,60s_hippychick,2025-06-09T23:37:46.000Z,2025-06-09,Sweet face!,https://x.com/60s_hippychick/status/1932220609423196622,1
1931909339968622796,Dee63357410,2025-06-09T03:00:54.000Z,2025-06-09,Sweetheart,https://x.com/Dee63357410/status/1931909339968622796,1
1931992410097099261,GeraldM1863383,2025-06-09T08:30:59.000Z,2025-06-09,Hope he is adopted,https://x.com/GeraldM1863383/status/1931992410097099261,1
1932032790763127078,sioux2012,2025-06-09T11:11:27.000Z,2025-06-09,So gorgeous! Please tell .e he's not in a shelter.,https://x.com/sioux2012/status/1932032790763127078,1
1932153709653344475,BetsysAt,2025-06-09T19:11:56.000Z,2025-06-09,sweet as he can be!,https://x.com/BetsysAt/status/1932153709653344475,1
1931836135644541262,ThomasAKSchmidt,2025-06-08T22:10:01.000Z,2025-06-08,Lover,https://x.com/ThomasAKSchmidt/status/1931836135644541262,1
1931881979466903617,anthony68738553,2025-06-09T01:12:11.000Z,2025-06-09,How can you not resisted him with a smile like that on face.,https://x.com/anthony68738553/status/1931881979466903617,1
1932347487093707019,TxMAGAmomof9,2025-06-10T08:01:56.000Z,2025-06-10,Magnificent  !,https://x.com/TxMAGAmomof9/status/1932347487093707019,1
1932216323066728554,pwrightt,2025-06-09T23:20:44.000Z,2025-06-09,Is she adopted. And this poster should have noted the location. Just for clicks is awful. Where is she located.,https://x.com/pwrightt/status/1932216323066728554,1
1932049409136808232,islaut_isla52,2025-06-09T12:17:29.000Z,2025-06-09,I WANT TO BRING HER HOME!,https://x.com/islaut_isla52/status/1932049409136808232,1
1932077506619736258,Melissa19261499,2025-06-09T14:09:08.000Z,2025-06-09,Where is this dog?,https://x.com/Melissa19261499/status/1932077506619736258,1
1932793166647996795,henriettesumiko,2025-06-11T13:32:55.000Z,2025-06-11,Oh oh oh I you so much,https://x.com/henriettesumiko/status/1932793166647996795,1
1931815916427153536,_fake_smoke_,2025-06-08T20:49:40.000Z,2025-06-08,bro is reaching within,https://x.com/_fake_smoke_/status/1931815916427153536,1
1931827210073104616,JamieBl92140572,2025-06-08T21:34:33.000Z,2025-06-08,What a good boy !,https://x.com/JamieBl92140572/status/1931827210073104616,1
1932988842958815689,Prairiegold5641,2025-06-12T02:30:28.000Z,2025-06-12,I hope this pup was adopted.,https://x.com/Prairiegold5641/status/1932988842958815689,1
1932435584578146809,SueDavid124020,2025-06-10T13:52:00.000Z,2025-06-10,"that should be the shelter mascot. It should be used for ads , for dog of the day, for poster ads for the shelter. so many things. Use that beautiful smile to bring awareness to the shelter.",https://x.com/SueDavid124020/status/1932435584578146809,1
1931983838940401830,WomblesTreasure,2025-06-09T07:56:56.000Z,2025-06-09,I want that dog,https://x.com/WomblesTreasure/status/1931983838940401830,1
1932130019758789045,norma_kennerly,2025-06-09T17:37:48.000Z,2025-06-09,So sweet,https://x.com/norma_kennerly/status/1932130019758789045,1
1931914146976518369,Deborah07731078,2025-06-09T03:20:00.000Z,2025-06-09,Aww,https://x.com/Deborah07731078/status/1931914146976518369,1
1931795756547269061,matzac03,2025-06-08T19:29:34.000Z,2025-06-08,So sweet,https://x.com/matzac03/status/1931795756547269061,1
1931736840119243083,Doorsfanatic,2025-06-08T15:35:27.000Z,2025-06-08,What an adorable smile,https://x.com/Doorsfanatic/status/1931736840119243083,1
1931763944319832443,witherspoon3241,2025-06-08T17:23:09.000Z,2025-06-08,"'This dog is clearly auditioning for the role of 'Most Optimistic Shelter Resident'—someone get this pup a standing ovation and a forever home, stat!'",https://x.com/witherspoon3241/status/1931763944319832443,1
1931803273012593042,bevlar123,2025-06-08T19:59:26.000Z,2025-06-08,This gets my  every time,https://x.com/bevlar123/status/1931803273012593042,1
1931872330982297708,cbsasss,2025-06-09T00:33:50.000Z,2025-06-09,She’s scared. I’ll take her. Where I she?  I’m looking for a yellow lab.,https://x.com/cbsasss/status/1931872330982297708,1
1932560496273793219,out of context dogs,2025-06-10T22:08:22.000Z,2025-06-10,,https://x.com/contextdogs/status/1932560496273793219,0
1932560745893339621,OnlyBangersEth,2025-06-10T22:09:21.000Z,2025-06-10,A King taking their well deserved nap… nothing more to see here.,https://x.com/OnlyBangersEth/status/1932560745893339621,1
1932701642308120701,idk45584558,2025-06-11T07:29:14.000Z,2025-06-11,Or Queen,https://x.com/idk45584558/status/1932701642308120701,2
1932586192773787716,Russovisky07,2025-06-10T23:50:28.000Z,2025-06-10,"@ximisz  ele tá mto cansado, trabalhou o dia todo",https://x.com/Russovisky07/status/1932586192773787716,1
1932954380812136934,bingus_bingas,2025-06-12T00:13:31.000Z,2025-06-12,@menezesamorawtt  @koIIontai,https://x.com/bingus_bingas/status/1932954380812136934,1
1932956637079159084,menezesamorawtt,2025-06-12T00:22:29.000Z,2025-06-12,engual eu,https://x.com/menezesamorawtt/status/1932956637079159084,2
1932893710267916553,cecilialeaaal,2025-06-11T20:12:26.000Z,2025-06-11,@Davidpg1912  tu,https://x.com/cecilialeaaal/status/1932893710267916553,1
1932895024812863506,Davidpg1912,2025-06-11T20:17:40.000Z,2025-06-11,Y si mi vida JAJAJ,https://x.com/Davidpg1912/status/1932895024812863506,2
1932799813541826566,LeonLRedfield,2025-06-11T13:59:19.000Z,2025-06-11,@SunnyDarkClouds  修勾勾,https://x.com/LeonLRedfield/status/1932799813541826566,1
1932975629185499198,karenpalmaa,2025-06-12T01:37:57.000Z,2025-06-12,@_montsepalma,https://x.com/karenpalmaa/status/1932975629185499198,1
1932754976893444316,amandadecastr,2025-06-11T11:01:09.000Z,2025-06-11,@potedemel_S2,https://x.com/amandadecastr/status/1932754976893444316,1
1932996567507861560,hidromiiel,2025-06-12T03:01:09.000Z,2025-06-12,@allegradanna8,https://x.com/hidromiiel/status/1932996567507861560,1
1932564538253058463,lateforapex,2025-06-10T22:24:25.000Z,2025-06-10,@dogscantwhistle  proper pillow usage,https://x.com/lateforapex/status/1932564538253058463,1
1932806126200107092,Iovefume,2025-06-11T14:24:24.000Z,2025-06-11,did he give his consent,https://x.com/Iovefume/status/1932806126200107092,1
1932904892244386117,farcai_,2025-06-11T20:56:52.000Z,2025-06-11,@btsguwon,https://x.com/farcai_/status/1932904892244386117,1
1932706453162504251,Daymare_X,2025-06-11T07:48:21.000Z,2025-06-11,I did the same thing for my cat I got her a tiny little couch so she has a place to chill nearby while I work.  Tiny little pet sized furniture is great.,https://x.com/Daymare_X/status/1932706453162504251,1
1932869570550972920,rafews,2025-06-11T18:36:31.000Z,2025-06-11,@yMurakamih,https://x.com/rafews/status/1932869570550972920,1
1932908201038827560,jueeno,2025-06-11T21:10:01.000Z,2025-06-11,bole pukpuk pantatnya ga,https://x.com/jueeno/status/1932908201038827560,1
1932801439564190001,casey_woodcock,2025-06-11T14:05:47.000Z,2025-06-11,@rebeccaprigmore,https://x.com/casey_woodcock/status/1932801439564190001,1
1932631048409788675,Nodaf,2025-06-11T02:48:43.000Z,2025-06-11,Tiene un sofá pequeño,https://x.com/Nodaf/status/1932631048409788675,1
1932998138278625520,corpsesemy,2025-06-12T03:07:24.000Z,2025-06-12,@HidekiiRodrigo,https://x.com/corpsesemy/status/1932998138278625520,1
1932788964835909850,priyansh_p67268,2025-06-11T13:16:13.000Z,2025-06-11,Me when mom takes the aunt for the home tour,https://x.com/priyansh_p67268/status/1932788964835909850,1
1932574955100602635,sweet_zoena,2025-06-10T23:05:49.000Z,2025-06-10,"props to that guy, giving is paw friend an exposure",https://x.com/sweet_zoena/status/1932574955100602635,1
1932561361974014017,BestDogContent,2025-06-10T22:11:48.000Z,2025-06-10,Breaking news: local dog steals the show,https://x.com/BestDogContent/status/1932561361974014017,1
1932880165207417103,TheStellarWolf,2025-06-11T19:18:37.000Z,2025-06-11,That dog is living his best life.,https://x.com/TheStellarWolf/status/1932880165207417103,1
1932561760235508002,SandyMi51364942,2025-06-10T22:13:23.000Z,2025-06-10,"LOL, that would be the only way I'd watch anything on fox, gotta have a dog or cat for me to watch.",https://x.com/SandyMi51364942/status/1932561760235508002,1
1932943544689582575,emssfl0,2025-06-11T23:30:28.000Z,2025-06-11,mi perra,https://x.com/emssfl0/status/1932943544689582575,1
1932832228599607393,Bovada_Casino,2025-06-11T16:08:08.000Z,2025-06-11,Knowing you’ll be on the news this was 1000% on purpose,https://x.com/Bovada_Casino/status/1932832228599607393,1
1932562721809031315,BrandonEffDub,2025-06-10T22:17:12.000Z,2025-06-10,Pretty sure this is  @EvanAndrewsFox4  dog.,https://x.com/BrandonEffDub/status/1932562721809031315,1
1932782788006342949,ayberkcakicii,2025-06-11T12:51:40.000Z,2025-06-11,Tipe bak,https://x.com/ayberkcakicii/status/1932782788006342949,1
1932806799016784037,itsjoeheather,2025-06-11T14:27:05.000Z,2025-06-11,That dog has a better WFH setup than me and it’s not even close,https://x.com/itsjoeheather/status/1932806799016784037,1
1932906550919635352,Har_5672,2025-06-11T21:03:28.000Z,2025-06-11,Qween,https://x.com/Har_5672/status/1932906550919635352,1
1932572761526055184,discostuu1,2025-06-10T22:57:06.000Z,2025-06-10,Son coussin en forme de nonosse,https://x.com/discostuu1/status/1932572761526055184,1
1932560900017537349,TheStandardNFT,2025-06-10T22:09:58.000Z,2025-06-10,Lmao so cute,https://x.com/TheStandardNFT/status/1932560900017537349,1
1932946964636721290,rom4nticlov3,2025-06-11T23:44:03.000Z,2025-06-11,@luuand3,https://x.com/rom4nticlov3/status/1932946964636721290,1
1932974003016421838,Vish_Kshatriya,2025-06-12T01:31:29.000Z,2025-06-12,Peace feels better,https://x.com/Vish_Kshatriya/status/1932974003016421838,1
1933131651225395546,FavoriteVR,2025-06-12T11:57:56.000Z,2025-06-12,tbh me if i was a dog,https://x.com/FavoriteVR/status/1933131651225395546,1
1932796121354809597,godofpainn97,2025-06-11T13:44:39.000Z,2025-06-11,Ese Luke la cagada,https://x.com/godofpainn97/status/1932796121354809597,1
1932588119812935733,LucieStools,2025-06-10T23:58:08.000Z,2025-06-10,Napping like he pays the bills,https://x.com/LucieStools/status/1932588119812935733,1
1932707864562315665,stirsoup,2025-06-11T07:53:57.000Z,2025-06-11,This is the best page here in X,https://x.com/stirsoup/status/1932707864562315665,1
1932888766072475682,JustTryin2GetBy,2025-06-11T19:52:47.000Z,2025-06-11,Chonky sleepy boi,https://x.com/JustTryin2GetBy/status/1932888766072475682,1
